year,track_count,total_streams,avg_streams,avg_danceability,avg_energy,avg_valence,avg_bpm
2018,51,3211184206,62964396.196078435,56.35294117647059,67.52941176470588,51.90196078431372,124.01960784313725
2019,58,3312049895,57104308.53448276,59.06896551724138,64.3103448275862,50.44827586206897,130.58620689655172
2020,120,7853386781,65444889.84166667,53.6,57.175,51.416666666666664,136.48333333333332
2021,159,11537517358,72563002.25157233,54.729559748427675,54.100628930817614,53.0440251572327,130.47169811320754
2022,180,11212019359,62288996.43888889,59.96666666666667,59.477777777777774,51.53888888888889,131.53333333333333
2023,233,14558206614,62481573.45064378,54.81545064377682,59.72532188841202,52.107296137339056,134.72532188841203
2024,152,11076029164,72868612.92105263,56.56578947368421,56.0328947368421,55.56578947368421,126.46052631578948
